task_id,AutoCorrelation,CfsSubsetEval_DecisionStumpAUC,CfsSubsetEval_DecisionStumpErrRate,CfsSubsetEval_DecisionStumpKappa,CfsSubsetEval_NaiveBayesAUC,CfsSubsetEval_NaiveBayesErrRate,CfsSubsetEval_NaiveBayesKappa,CfsSubsetEval_kNN1NAUC,CfsSubsetEval_kNN1NErrRate,CfsSubsetEval_kNN1NKappa,ClassEntropy,DecisionStumpAUC,DecisionStumpErrRate,DecisionStumpKappa,Dimensionality,EquivalentNumberOfAtts,J48.00001.AUC,J48.00001.ErrRate,J48.00001.Kappa,J48.0001.AUC,J48.0001.ErrRate,J48.0001.Kappa,J48.001.AUC,J48.001.ErrRate,J48.001.Kappa,MajorityClassPercentage,MajorityClassSize,MaxAttributeEntropy,MaxKurtosisOfNumericAtts,MaxMeansOfNumericAtts,MaxMutualInformation,MaxNominalAttDistinctValues,MaxSkewnessOfNumericAtts,MaxStdDevOfNumericAtts,MeanAttributeEntropy,MeanKurtosisOfNumericAtts,MeanMeansOfNumericAtts,MeanMutualInformation,MeanNoiseToSignalRatio,MeanNominalAttDistinctValues,MeanSkewnessOfNumericAtts,MeanStdDevOfNumericAtts,MinAttributeEntropy,MinKurtosisOfNumericAtts,MinMeansOfNumericAtts,MinMutualInformation,MinNominalAttDistinctValues,MinSkewnessOfNumericAtts,MinStdDevOfNumericAtts,MinorityClassPercentage,MinorityClassSize,NaiveBayesAUC,NaiveBayesErrRate,NaiveBayesKappa,NumberOfBinaryFeatures,NumberOfClasses,NumberOfFeatures,NumberOfInstances,NumberOfInstancesWithMissingValues,NumberOfMissingValues,NumberOfNumericFeatures,NumberOfSymbolicFeatures,PercentageOfBinaryFeatures,PercentageOfInstancesWithMissingValues,PercentageOfMissingValues,PercentageOfNumericFeatures,PercentageOfSymbolicFeatures,Quartile1AttributeEntropy,Quartile1KurtosisOfNumericAtts,Quartile1MeansOfNumericAtts,Quartile1MutualInformation,Quartile1SkewnessOfNumericAtts,Quartile1StdDevOfNumericAtts,Quartile2AttributeEntropy,Quartile2KurtosisOfNumericAtts,Quartile2MeansOfNumericAtts,Quartile2MutualInformation,Quartile2SkewnessOfNumericAtts,Quartile2StdDevOfNumericAtts,Quartile3AttributeEntropy,Quartile3KurtosisOfNumericAtts,Quartile3MeansOfNumericAtts,Quartile3MutualInformation,Quartile3SkewnessOfNumericAtts,Quartile3StdDevOfNumericAtts,REPTreeDepth1AUC,REPTreeDepth1ErrRate,REPTreeDepth1Kappa,REPTreeDepth2AUC,REPTreeDepth2ErrRate,REPTreeDepth2Kappa,REPTreeDepth3AUC,REPTreeDepth3ErrRate,REPTreeDepth3Kappa,RandomTreeDepth1AUC,RandomTreeDepth1ErrRate,RandomTreeDepth1Kappa,RandomTreeDepth2AUC,RandomTreeDepth2ErrRate,RandomTreeDepth2Kappa,RandomTreeDepth3AUC,RandomTreeDepth3ErrRate,RandomTreeDepth3Kappa,StdvNominalAttDistinctValues,kNN1NAUC,kNN1NErrRate,kNN1NKappa
3,0.9990610328638496,0.9619120657405762,0.059136420525657,0.8811920214059075,0.9619120657405762,0.059136420525657,0.8811920214059075,0.9619120657405762,0.059136420525657,0.8811920214059075,0.9985755386554582,0.6714034536324981,0.3394868585732165,0.3396437687719142,0.0115769712140175,52.14040169716265,0.9960622907889662,0.0078222778473091,0.984325809722,0.9960622907889662,0.0078222778473091,0.984325809722,0.9960622907889662,0.0078222778473091,0.984325809722,52.2215269086358,1669.0,0.9956521852360184,,,0.19826687955488,3.0,,,0.5901482912442314,,,0.01915166562113,29.814462977732955,2.027027027027027,,,0.0040940303526419,,,1.18053e-09,2.0,,,47.778473091364205,1527.0,0.952041993860854,0.1210888610763454,0.7569708778154078,35.0,2.0,37.0,3196.0,0.0,0.0,0.0,37.0,94.5945945945946,0.0,0.0,0.0,100.0,0.2875600035503529,,,0.000777595577705,,,0.6794996247614244,,,0.00542648921343,,,0.9132329806576944,,,0.0184861208375775,,,0.997615519019934,0.013767209011264,0.972417266903898,0.997615519019934,0.013767209011264,0.972417266903898,0.997615519019934,0.013767209011264,0.972417266903898,0.9451363376145694,0.0544430538172715,0.8908498653739637,0.9451363376145694,0.0544430538172715,0.8908498653739637,0.9451363376145694,0.0544430538172715,0.8908498653739637,0.1643989873053572,0.9728427352982838,0.0691489361702127,0.8609676573571107
6,0.0409020451022551,0.9425298055650914,0.15215,0.841756863867533,0.9425298055650914,0.15215,0.841756863867533,0.9425298055650914,0.15215,0.841756863867533,4.69981072657316,0.6574545268026781,0.9293,0.0327697665540444,0.00085,,0.9379676053125592,0.15865,0.8349979241615618,0.9379676053125592,0.15865,0.8349979241615618,0.9379676053125592,0.15865,0.8349979241615618,4.065,813.0,,2.075245046157538,8.338849999999995,,26.0,1.1599750154235924,3.304555303560269,,0.6977379005298701,5.925465624999998,,,26.0,0.290297034101848,2.273771145446362,,-0.4211788221168451,3.046099999999995,,26.0,-0.3100790698726846,1.546722436319954,3.67,734.0,0.9559207236903552,0.36025,0.6253250509940796,0.0,26.0,17.0,20000.0,0.0,0.0,16.0,1.0,0.0,0.0,0.0,94.11764705882352,5.88235294117647,,0.3091324958538607,4.174812499999999,,-0.1373304281236529,2.017438812826727,,0.8853044390128566,5.913225000000001,,0.2543345879398813,2.2933721022270195,,1.1728389823381402,7.726012499999999,,0.653378002627639,2.547423135491912,0.9544303249787937,0.20315,0.7887152321892192,0.9544303249787937,0.20315,0.7887152321892192,0.9544303249787937,0.20315,0.7887152321892192,0.9080139521161272,0.1769,0.816017080292,0.9080139521161272,0.1769,0.816017080292,0.9080139521161272,0.1769,0.816017080292,0.0,0.9731018928391189,0.05785,0.939833878217649
11,0.6971153846153846,0.8406824596109461,0.1984,0.6373963655418936,0.8406824596109461,0.1984,0.6373963655418936,0.8406824596109461,0.1984,0.6373963655418936,1.318116246441582,0.6469194362017804,0.376,0.3026706231454006,0.008,,0.8406824596109461,0.1984,0.6373963655418936,0.8406824596109461,0.1984,0.6373963655418936,0.8406824596109461,0.1984,0.6373963655418936,46.08,288.0,,-1.300798439249971,3.0,,3.0,0.0,1.4153462926807447,,-1.3007984392499752,3.0,,,3.0,0.0,1.4153462926807447,,-1.3007984392499798,3.0,,3.0,0.0,1.4153462926807447,7.84,49.0,0.9630951121002308,0.104,0.8071216617210683,0.0,3.0,5.0,625.0,0.0,0.0,4.0,1.0,0.0,0.0,0.0,80.0,20.0,,-1.3007984392499787,3.0,,0.0,1.4153462926807447,,-1.300798439249975,3.0,,0.0,1.4153462926807447,,-1.3007984392499718,3.0,,0.0,1.4153462926807447,0.8525668273986152,0.2144,0.602373887240356,0.8525668273986152,0.2144,0.602373887240356,0.8525668273986152,0.2144,0.602373887240356,0.834430637982196,0.2144,0.6257317781650802,0.834430637982196,0.2144,0.6257317781650802,0.834430637982196,0.2144,0.6257317781650802,0.0,0.9232008696010552,0.1648,0.7027931671283473
12,0.9954977488744372,0.936031527777778,0.1335,0.8516666666666667,0.936031527777778,0.1335,0.8516666666666667,0.936031527777778,0.1335,0.8516666666666667,3.321928094887362,0.7207469444444443,0.8065,0.1038888888888888,0.1085,,0.9277102777777778,0.1375,0.8472222222222223,0.9277102777777778,0.1375,0.8472222222222223,0.9277102777777778,0.1375,0.8472222222222223,10.0,200.0,,1.701286299993246,1141.5704999999996,,10.0,0.8630705307139119,153.51158138902838,,-0.315188200704828,318.2703888888889,,,10.0,0.0275605169037823,49.58131318395632,,-1.3893209589478623,6.7674999999999965,,10.0,-1.0738237890694695,1.9854850353031412,10.0,200.0,0.9919075,0.0765,0.915,0.0,10.0,217.0,2000.0,0.0,0.0,216.0,1.0,0.0,0.0,0.0,99.53917050691244,0.4608294930875576,,-0.6970467475463484,14.118125000000006,,-0.2190263674003187,5.542689317909613,,-0.4026911656287315,146.4797499999999,,-0.0141193612982667,30.29006567694612,,0.0113863053599739,684.5027499999998,,0.3665125978251142,91.59687126428516,0.948628472222222,0.1575,0.8250000000000001,0.948628472222222,0.1575,0.8250000000000001,0.948628472222222,0.1575,0.8250000000000001,0.8927777777777776,0.193,0.7855555555555556,0.8927777777777776,0.193,0.7855555555555556,0.8927777777777776,0.193,0.7855555555555556,0.0,0.9753261111111112,0.044,0.951111111111111
14,0.9954977488744372,0.8794304166666665,0.254,0.7177777777777777,0.8794304166666665,0.254,0.7177777777777777,0.8794304166666665,0.254,0.7177777777777777,3.321928094887362,0.72435,0.8045,0.1061111111111111,0.0385,,0.8594219444444444,0.282,0.6866666666666666,0.8594219444444444,0.282,0.6866666666666666,0.8594219444444444,0.282,0.6866666666666666,10.0,200.0,,1.994922620258805,0.37731057175,,10.0,1.029985534649324,0.1762306706319309,,0.119006280823268,0.1320320840176973,,,10.0,0.5447006835842777,0.0671079516668835,,-1.1252793103314485,0.07169202572,,10.0,-0.1206246202987204,0.0375554989173361,10.0,200.0,0.9626375,0.2465,0.726111111111111,0.0,10.0,77.0,2000.0,0.0,0.0,76.0,1.0,0.0,0.0,0.0,98.7012987012987,1.2987012987012987,,-0.1789014880019493,0.0863261346625,,0.4089907636277701,0.0427043054029094,,0.0630230135811373,0.1064998764125,,0.5542281675523084,0.0527592975357217,,0.4381040236923678,0.15576810663375,,0.7107847694791952,0.0863352011429344,0.9261233333333332,0.2845,0.6838888888888889,0.9261233333333332,0.2845,0.6838888888888889,0.9261233333333332,0.2845,0.6838888888888889,0.7913888888888889,0.3755,0.5827777777777778,0.7913888888888889,0.3755,0.5827777777777778,0.7913888888888889,0.3755,0.5827777777777778,0.0,0.8825091666666666,0.2115,0.765
15,0.6318051575931232,0.9269600826251608,0.055793991416309,0.876873811577773,0.9269600826251608,0.055793991416309,0.876873811577773,0.9269600826251608,0.055793991416309,0.876873811577773,0.9293179372497984,0.9249080432694924,0.0886981402002861,0.8107527445175151,0.0143061516452074,,0.9269600826251608,0.055793991416309,0.876873811577773,0.9269600826251608,0.055793991416309,0.876873811577773,0.9269600826251608,0.055793991416309,0.876873811577773,65.52217453505007,458.0,,12.6578780670256,4.417739628040058,,2.0,3.560657844495268,3.643857160492903,,1.6841150960407236,3.1357041002822355,,,2.0,1.477488666731089,2.7510805456186183,,-0.7988441354436415,1.589413447782546,,2.0,0.5928585326862892,1.7150779425067932,34.47782546494993,241.0,0.9883078465880972,0.0400572246065808,0.9125445722405428,1.0,2.0,10.0,699.0,16.0,16.0,9.0,1.0,10.0,2.28898426323319,0.228898426323319,90.0,10.0,,-0.3083522161398966,2.836909871244634,,1.0449923682055795,2.3263320694866376,,0.1846213115051189,3.2074391988555093,,1.233136557961704,2.85537923921701,,1.57850674634774,3.49121208503258,,1.618319946298536,3.0525465017834734,0.952780445378608,0.055793991416309,0.8756551129599474,0.952780445378608,0.055793991416309,0.8756551129599474,0.952780445378608,0.055793991416309,0.8756551129599474,0.9516904855835366,0.044349070100143,0.901745269544162,0.9516904855835366,0.044349070100143,0.901745269544162,0.9516904855835366,0.044349070100143,0.901745269544162,0.0,0.9752215115330954,0.0429184549356223,0.904444667219554
16,0.9954977488744372,0.8933529166666667,0.2105,0.7661111111111111,0.8933529166666667,0.2105,0.7661111111111111,0.8933529166666667,0.2105,0.7661111111111111,3.321928094887362,0.6936666666666667,0.8045,0.1061111111111111,0.0325,,0.8896487500000001,0.21,0.7666666666666667,0.8896487500000001,0.21,0.7666666666666667,0.8896487500000001,0.21,0.7666666666666667,10.0,200.0,,0.580942601366925,2.891171124290001,,10.0,0.4187220480956684,7.691305182325387,,-0.045654845752496,0.0530847392466406,,,10.0,-0.0042856626077367,2.152662828702679,,-0.944709265915264,-1.81970727405,,10.0,-0.3391130927319128,0.8923441138647591,10.0,200.0,0.9956313888888888,0.068,0.9244444444444444,0.0,10.0,65.0,2000.0,0.0,0.0,64.0,1.0,0.0,0.0,0.0,98.46153846153848,1.5384615384615383,,-0.1495295371103432,-0.2984167951874998,,-0.1042020102509707,1.1438482801014436,,-0.0173458857878905,0.0044830878174998,,-0.0208159084694649,1.6476505065816718,,0.0716549405747803,0.332461138865,,0.0591765364965291,2.6614803695239697,0.922776527777778,0.2055,0.7716666666666666,0.922776527777778,0.2055,0.7716666666666666,0.922776527777778,0.2055,0.7716666666666666,0.83,0.306,0.6599999999999999,0.83,0.306,0.6599999999999999,0.83,0.306,0.6599999999999999,0.0,0.972274861111111,0.05,0.9444444444444444
18,0.9954977488744372,0.9114204166666668,0.295,0.6722222222222222,0.9114204166666668,0.295,0.6722222222222222,0.9114204166666668,0.295,0.6722222222222222,3.321928094887362,0.7612499999999999,0.8015,0.1094444444444444,0.0035,,0.9114204166666668,0.295,0.6722222222222222,0.9114204166666668,0.295,0.6722222222222222,0.9114204166666668,0.295,0.6722222222222222,10.0,200.0,,0.0794938700561878,6155.200435156556,,10.0,1.0084830014756712,3757.634467006599,,-0.536236922624337,1052.6997316402776,,,10.0,0.5315671843447396,630.90708251402,,-1.0383559313284294,0.492499999999995,,10.0,-0.0628366626143658,0.2913157171953473,10.0,200.0,0.951212777777778,0.2995,0.6672222222222223,0.0,10.0,7.0,2000.0,0.0,0.0,6.0,1.0,0.0,0.0,0.0,85.71428571428571,14.285714285714285,,-0.8692491113871175,0.6582499999999927,,0.2147713147724887,0.571544999056086,,-0.6352635311790746,1.686534392555002,,0.6245331546193721,0.9208719889146832,,-0.1114907130176661,1656.114273214139,,0.7676581134191288,958.1661269687644,0.9442476388888889,0.2935,0.6738888888888889,0.9442476388888889,0.2935,0.6738888888888889,0.9442476388888889,0.2935,0.6738888888888889,0.8167275,0.3345,0.6283333333333333,0.8167275,0.3345,0.6283333333333333,0.8167275,0.3345,0.6283333333333333,0.0,0.8227808333333333,0.3295,0.6338888888888888
22,0.9954977488744372,0.8614040277777776,0.314,0.6511111111111112,0.8614040277777776,0.314,0.6511111111111112,0.8614040277777776,0.314,0.6511111111111112,3.321928094887362,0.6806197222222223,0.806,0.1044444444444444,0.024,,0.8609231944444445,0.3195,0.645,0.8609231944444445,0.3195,0.645,0.8609231944444445,0.3195,0.645,10.0,200.0,,4.370101298879665,508.902571633625,,10.0,1.794599514537336,124.19249364407266,,0.7353956813037765,88.63642941472712,,,10.0,0.7908300764747563,40.1254529217552,,-0.9914117205299372,0.07855426092,,10.0,0.0054915223686023,0.0665520027146517,10.0,200.0,0.9590269444444444,0.2705,0.6994444444444445,0.0,10.0,48.0,2000.0,0.0,0.0,47.0,1.0,0.0,0.0,0.0,97.91666666666666,2.083333333333333,,-0.4612428052581321,7.537383493435,,0.3790488783633953,3.7579900876369465,,0.444046398140002,69.881896744535,,0.7415928908678675,37.878377911282136,,1.8699835840120704,126.83265674023002,,1.2548334728305888,65.21134486568818,0.8958765277777778,0.3295,0.6338888888888888,0.8958765277777778,0.3295,0.6338888888888888,0.8958765277777778,0.3295,0.6338888888888888,0.7797222222222222,0.3965,0.5594444444444445,0.7797222222222222,0.3965,0.5594444444444445,0.7797222222222222,0.3965,0.5594444444444445,0.0,0.8854525,0.2065,0.7705555555555555
23,0.9966032608695652,0.6599986009904834,0.4894772572980312,0.2302758889602379,0.6599986009904834,0.4894772572980312,0.2302758889602379,0.6599986009904834,0.4894772572980312,0.2302758889602379,1.5390345832497478,0.5552950487800741,0.572980312287848,0.0,0.0067888662593346,53.274885238451205,0.6520164081542908,0.5044127630685675,0.2181640368272764,0.6520164081542908,0.5044127630685675,0.2181640368272764,0.6520164081542908,0.5044127630685675,0.2181640368272764,42.701968771215206,629.0,1.8667550694041892,1.5296065513316617,32.53835709436525,0.07090633894894,4.0,1.0990139461060884,8.227244755470613,1.2208122969788784,0.2928560302339025,17.89986422267482,0.0288885574574442,41.25937202912456,3.125,0.6777315757939906,5.2928968090790125,0.380671663040156,-0.9438944908638564,3.2613713509843865,0.00258233237972,2.0,0.2564492054818927,2.3585488626874125,22.606924643584524,333.0,0.6798006519603141,0.506449422946368,0.2336054769068532,3.0,3.0,10.0,1473.0,0.0,0.0,2.0,8.0,30.0,0.0,0.0,20.0,80.0,0.6082239803272842,-0.9438944908638564,3.2613713509843865,0.00982050143438,0.2564492054818927,2.3585488626874125,1.4479885111323352,0.2928560302339025,17.899864222674818,0.03047421456026,0.6777315757939906,5.2928968090790125,1.757839343635201,1.5296065513316617,32.53835709436525,0.04013859922938,1.0990139461060884,8.227244755470613,0.6719876165083715,0.4881194840461643,0.2450074067314998,0.6719876165083715,0.4881194840461643,0.2450074067314998,0.6719876165083715,0.4881194840461643,0.2450074067314998,0.6012886776675508,0.5207060420909708,0.1934235438244793,0.6012886776675508,0.5207060420909708,0.1934235438244793,0.6012886776675508,0.5207060420909708,0.1934235438244793,0.9910312089651148,0.5810647503679196,0.551255940257977,0.148908736935583
28,0.0925431571453995,0.9437785420246294,0.1158362989323843,0.8712880928662626,0.9437785420246294,0.1158362989323843,0.8712880928662626,0.9437785420246294,0.1158362989323843,0.8712880928662626,3.3218327248667654,0.685478631752301,0.801779359430605,0.1089552465678,0.0115658362989323,,0.9421672139708684,0.1202846975088968,0.8663455402192581,0.9421672139708684,0.1202846975088968,0.8663455402192581,0.9421672139708684,0.1202846975088968,0.8663455402192581,10.1779359430605,572.0,,2807.4985758153466,11.989679715302495,,10.0,52.99527777138423,6.518238490323084,,168.55386930105925,4.911243327402135,,,10.0,5.451185659375441,3.686292464928632,,-1.646519852942154,0.0,,10.0,-1.3029924517157276,0.0,9.8576512455516,554.0,0.9840879237555248,0.0905693950177936,0.8993684540095387,0.0,10.0,65.0,5620.0,0.0,0.0,64.0,1.0,0.0,0.0,0.0,98.46153846153848,1.5384615384615383,,-1.3729913768757025,0.261032028469753,,-0.3299270059517505,0.9671170904003789,,0.0772164743277354,4.565569395017791,,0.5599451157139905,4.301746897924311,,20.296405116214235,9.04915480427047,,4.0666119739712565,5.86637152935096,0.956425400938372,0.143238434163701,0.8408389053730106,0.956425400938372,0.143238434163701,0.8408389053730106,0.956425400938372,0.143238434163701,0.8408389053730106,0.910334820783592,0.1613879003558719,0.8206798583827717,0.910334820783592,0.1613879003558719,0.8206798583827717,0.910334820783592,0.1613879003558719,0.8206798583827717,0.0,0.990615669145613,0.0169039145907473,0.9812174550809054
29,0.9782293178519592,0.8776120291543702,0.1434782608695652,0.7101750574897961,0.8776120291543702,0.1434782608695652,0.7101750574897961,0.8776120291543702,0.1434782608695652,0.7101750574897961,0.9912308989033524,0.8590375996121823,0.144927536231884,0.7116180318139644,0.0231884057971014,10.987754965826468,0.8928568391151631,0.1608695652173913,0.6739935471238732,0.8928568391151631,0.1608695652173913,0.6739935471238732,0.8928568391151631,0.1608695652173913,0.6739935471238732,55.5072463768116,383.0,3.4964402118046265,214.66997242752777,1017.3855072463792,0.42570942667283,14.0,13.140655014445356,5210.102598302697,1.2537639123535842,49.93170391116704,207.0584299702253,0.0902123228981922,12.897922945277674,4.2,4.423867143578692,901.5091409447066,0.5010395545266964,1.1192361294529984,2.22340579710145,0.0006029571694,2.0,1.1458915555559273,3.3465133592781324,44.492753623188406,307.0,0.8940115780808026,0.2159420289855072,0.5492647768025463,5.0,2.0,16.0,690.0,37.0,67.0,6.0,10.0,31.25,5.36231884057971,0.6068840579710145,37.5,62.5,0.8162006158245964,1.9853254475312268,2.355851449275366,0.0053788372102,1.403082732387671,4.48383336548978,0.9847953334568664,15.348780875597203,18.16344786456329,0.02960326183246,2.8076616546800306,8.468012873399704,1.39388043097786,91.78956656083425,392.35745509815314,0.13272286566341,7.149553646695756,1432.8807257446028,0.8857766135685188,0.144927536231884,0.7105146127188972,0.8857766135685188,0.144927536231884,0.7105146127188972,0.8857766135685188,0.144927536231884,0.7105146127188972,0.7672209006951606,0.2492753623188406,0.491050063039805,0.7672209006951606,0.2492753623188406,0.491050063039805,0.7672209006951606,0.2492753623188406,0.491050063039805,4.049691346263318,0.8184187921517933,0.1782608695652174,0.6382815496739548
31,0.5695695695695696,0.7208285714285714,0.273,0.3056968463886062,0.7208285714285714,0.273,0.3056968463886062,0.7208285714285714,0.273,0.3056968463886062,0.8812908992306927,0.6647619047619048,0.3,0.0,0.021,43.59303601630504,0.6617476190476189,0.279,0.2443120260021667,0.6617476190476189,0.279,0.2443120260021667,0.6617476190476189,0.279,0.2443120260021667,70.0,700.0,2.666677759851852,4.292590308048501,3271.257999999999,0.09473884155264,10.0,1.9496276798326249,2822.73687596044,1.433893225502841,0.9242775257981102,476.58385714285697,0.0202163230590561,69.92749860170595,4.0,0.9203791257169068,407.0476188282117,0.2283640258405646,-1.3814485027493757,1.1549999999999998,0.00096366001491,2.0,-0.5313481143125632,0.3620857717531919,30.0,300.0,0.786047619047619,0.248,0.3724696356275304,3.0,2.0,21.0,1000.0,0.0,0.0,7.0,14.0,14.285714285714285,0.0,0.0,33.33333333333333,66.66666666666666,0.9089779148834296,-1.2104731179379755,1.407,0.005310005973835,-0.2725698140337198,0.5776544682460991,1.5321036281187237,0.9197813600546328,2.9730000000000003,0.01275318647802,1.09418417155554,1.1187146743126737,1.8749120301493505,1.6492736936699308,35.54600000000001,0.02650410754481,1.909444721297511,12.058814452756392,0.7002928571428572,0.269,0.2225433526011559,0.7002928571428572,0.269,0.2225433526011559,0.7002928571428572,0.269,0.2225433526011559,0.6580238095238096,0.298,0.2781007751937982,0.6580238095238096,0.298,0.2781007751937982,0.6580238095238096,0.298,0.2781007751937982,2.0380986614602725,0.649047619047619,0.286,0.3044747081712061
32,0.1029023746701846,0.9782711762062136,0.0505822416302765,0.9437860838946032,0.9782711762062136,0.0505822416302765,0.9437860838946032,0.9782711762062136,0.0505822416302765,0.9437860838946032,3.320771738890595,0.7173373091264319,0.7958515283842795,0.1117616782286595,0.0015465793304221,,0.9817749787965896,0.044395924308588,0.9506616486549188,0.9817749787965896,0.044395924308588,0.9506616486549188,0.9817749787965896,0.044395924308588,0.9506616486549188,10.407569141193596,1144.0,,3.0507472845475934,85.12026928675397,,10.0,0.948264683112214,41.76039983312042,,-0.501042935533417,50.711045533115005,,,10.0,-0.0391960821203084,29.77423823733485,,-1.6857931744696484,28.845342066957787,,10.0,-1.4911828752029317,16.21857067549395,9.597889374090247,1055.0,0.979688395024371,0.1425582241630276,0.841573443111714,0.0,10.0,17.0,10992.0,0.0,0.0,16.0,1.0,0.0,0.0,0.0,94.11764705882352,5.88235294117647,,-1.1972600845920125,35.90636371906841,,-0.4250896848780795,26.506410017106628,,-0.7839021550500958,48.52893013100446,,0.0864594716269714,30.2414923899796,,-0.260617128652207,59.604416848617134,,0.4473572947790722,34.227219367990614,0.9863827944554124,0.0677765647743813,0.9246771388571128,0.9863827944554124,0.0677765647743813,0.9246771388571128,0.9863827944554124,0.0677765647743813,0.9246771388571128,0.9698982195381142,0.0541302765647743,0.9398412673504434,0.9698982195381142,0.0541302765647743,0.9398412673504434,0.9698982195381142,0.0541302765647743,0.9398412673504434,0.0,0.9956000692054666,0.007914847161572,0.991204094219016
37,0.5501955671447197,0.7186641791044776,0.26953125,0.3816473224009707,0.7186641791044776,0.26953125,0.3816473224009707,0.7186641791044776,0.26953125,0.3816473224009707,0.9331343166407832,0.7111194029850746,0.2721354166666667,0.3910589092233452,0.01171875,,0.7074365671641791,0.2760416666666667,0.3817739975698663,0.7074365671641791,0.2760416666666667,0.3817739975698663,0.7074365671641791,0.2760416666666667,0.3817739975698663,65.10416666666666,500.0,,7.214259554348853,120.89453125,,2.0,2.272250858431569,115.24400235133837,,2.775362395442404,44.98579117838542,,,2.0,0.5292461289375233,25.7337429754516,,-0.5200718661530077,0.4718763020833333,,2.0,-1.8436079833551309,0.3313285950127748,34.89583333333333,268.0,0.8082686567164178,0.2408854166666666,0.4581235697940504,1.0,2.0,9.0,768.0,0.0,0.0,8.0,1.0,11.11111111111111,0.0,0.0,88.88888888888889,11.11111111111111,,0.2796097882539714,8.017903645833334,,-0.2943930672197057,4.4982236271180085,,1.9668008946784572,32.61673177083334,,0.5377137404718786,13.85622455420318,,5.491254286007905,77.1259765625,,1.722332475016523,28.81841543901336,0.7629141791044775,0.2825520833333333,0.3517752123720321,0.7629141791044775,0.2825520833333333,0.3517752123720321,0.7629141791044775,0.2825520833333333,0.3517752123720321,0.6644477611940298,0.3072916666666667,0.3271960563045674,0.6644477611940298,0.3072916666666667,0.3271960563045674,0.6644477611940298,0.3072916666666667,0.3271960563045674,0.0,0.6434029850746269,0.3098958333333333,0.2960315504067045
43,0.9997826086956522,0.9397314627894664,0.0856335579221908,0.8208876445659258,0.9397314627894664,0.0856335579221908,0.8208876445659258,0.9397314627894664,0.0856335579221908,0.8208876445659258,0.9673602371807668,0.7941574124705914,0.2093023255813953,0.549772420190581,0.0126059552271245,,0.924541669007748,0.0841121495327102,0.82347465212921,0.924541669007748,0.0841121495327102,0.82347465212921,0.924541669007748,0.0841121495327102,0.82347465212921,60.59552271245382,2788.0,,1480.642050286291,283.2892849380572,,2.0,31.062064279039635,606.3478507248471,,241.1700186517731,6.150770191072139,,,2.0,11.186639096029252,15.193997694546749,,5.257394367988116,0.0054444685937839,,2.0,1.5916742687064245,0.076274270637249,39.404477287546186,1813.0,0.93523126498161,0.2023473158009128,0.605321391923295,1.0,2.0,58.0,4601.0,0.0,0.0,57.0,1.0,1.7241379310344829,0.0,0.0,98.27586206896552,1.7241379310344829,,50.655931063003,0.0647935231471412,,5.850723015066143,0.3169582218566895,,127.37652934849572,0.1028515540099991,,9.724847529978312,0.4440553289821315,,299.0723734257733,0.244130623777439,,13.646188094980593,0.8437450862048406,0.9386679853220128,0.1034557704846772,0.7807805902062573,0.9386679853220128,0.1034557704846772,0.7807805902062573,0.9386679853220128,0.1034557704846772,0.7807805902062573,0.8911774993451567,0.1041078026515974,0.781973609246172,0.8911774993451567,0.1041078026515974,0.781973609246172,0.8911774993451567,0.1041078026515974,0.781973609246172,0.0,0.8937334657000572,0.1073679634861986,0.775167746729542
45,0.9993728441517716,0.9645392222677036,0.0636363636363636,0.8978122508210037,0.9645392222677036,0.0636363636363636,0.8978122508210037,0.9645392222677036,0.0636363636363636,0.8978122508210037,1.4801700696136335,0.7717484305673256,0.3761755485893417,0.4122311203046818,0.0191222570532915,26.31321143770441,0.9590500108986266,0.0655172413793103,0.8944375252739722,0.9590500108986266,0.0655172413793103,0.8944375252739722,0.9590500108986266,0.0655172413793103,0.8944375252739722,51.88087774294671,1655.0,2.0085632801967237,,,0.38964063813375,6.0,,,1.9780144516767608,,,0.0562519733905488,34.16346774083301,4.754098360655737,,,1.667986901904802,,,0.00239174071595,3.0,,,24.043887147335425,767.0,0.9928619979725506,0.0470219435736677,0.9235168869438932,0.0,3.0,61.0,3190.0,0.0,0.0,0.0,61.0,0.0,0.0,0.0,0.0,100.0,1.986921112054029,,,0.008114095339065,,,1.9958149659372768,,,0.012445557396825,,,1.9985747676028531,,,0.06388006173431,,,0.9624981083963462,0.0943573667711598,0.8488820745392759,0.9624981083963462,0.0943573667711598,0.8488820745392759,0.9624981083963462,0.0943573667711598,0.8488820745392759,0.7723490181560075,0.3119122257053291,0.5030951953788269,0.7723490181560075,0.3119122257053291,0.5030951953788269,0.7723490181560075,0.3119122257053291,0.5030951953788269,0.537144850262882,0.8617257940278134,0.2689655172413793,0.5976262917909895
49,0.9989550679205852,0.7435139920705185,0.2390396659707724,0.4192217886471576,0.7435139920705185,0.2390396659707724,0.4192217886471576,0.7435139920705185,0.2390396659707724,0.4192217886471576,0.930953986250796,0.6678422957003733,0.3006263048016701,0.3399678481206459,0.0104384133611691,49.45045096797422,0.8493254166827052,0.18580375782881,0.5771950530105427,0.8493254166827052,0.18580375782881,0.5771950530105427,0.8493254166827052,0.18580375782881,0.5771950530105427,65.34446764091858,626.0,1.5647795093873218,,,0.08718670223057,3.0,,,1.5380365413865855,,,0.0188259958812855,80.69748634203775,2.9,,,1.4706284549040332,,,0.00700514266598,2.0,,,34.65553235908142,332.0,0.7461459255552562,0.2870563674321503,0.314300141070155,1.0,2.0,10.0,958.0,0.0,0.0,0.0,10.0,10.0,0.0,0.0,0.0,100.0,1.5281455950064875,,,0.00700514266598,,,1.5281455950064875,,,0.01355667250927,,,1.5647795093873218,,,0.01355667250927,,,0.8254263058624274,0.2035490605427975,0.5296140926922863,0.8254263058624274,0.2035490605427975,0.5296140926922863,0.8254263058624274,0.2035490605427975,0.5296140926922863,0.7703626005619924,0.2296450939457202,0.4979274858259087,0.7703626005619924,0.2296450939457202,0.4979274858259087,0.7703626005619924,0.2296450939457202,0.4979274858259087,0.3162277660168379,0.9962734323876976,0.0281837160751565,0.9367427892257802
53,0.2579881656804734,0.8287300415025641,0.3191489361702128,0.5743705558785386,0.8287300415025641,0.3191489361702128,0.5743705558785386,0.8287300415025641,0.3191489361702128,0.5743705558785386,1.9990667655343637,0.6492864709981353,0.5957446808510638,0.2121027335369673,0.0224586288416075,,0.8316733859441372,0.3108747044917258,0.5850953729793031,0.8316733859441372,0.3108747044917258,0.5850953729793031,0.8316733859441372,0.3108747044917258,0.5850953729793031,25.768321513002363,218.0,,58.37545547363169,439.9113475177304,,4.0,6.778393619108969,176.69261361302284,,5.153140516514768,117.6349487785658,,,4.0,1.0415777283622756,22.770839172096306,,-0.9784712963069796,6.377068557919621,,4.0,-0.226341280329825,2.5921383276847254,23.52245862884161,199.0,0.7665561841837499,0.5449172576832151,0.2786963469306227,0.0,4.0,19.0,846.0,0.0,0.0,18.0,1.0,0.0,0.0,0.0,94.73684210526316,5.263157894736842,,-0.7809324382806175,35.846040189125304,,0.2544045720298823,6.168386543971383,,-0.4416545158050928,87.88356973995272,,0.4982427339460336,8.06136271270135,,0.1641613631458576,178.1838061465721,,0.789303136311914,31.68274986931649,0.8786505597009364,0.3167848699763593,0.5772957352598461,0.8786505597009364,0.3167848699763593,0.5772957352598461,0.8786505597009364,0.3167848699763593,0.5772957352598461,0.790527508168895,0.3132387706855792,0.5820719121901752,0.790527508168895,0.3132387706855792,0.5820719121901752,0.790527508168895,0.3132387706855792,0.5820719121901752,0.0,0.7865899875047911,0.3191489361702128,0.5741729817398842
219,0.8533027300214076,0.8038644867365946,0.2383915960451977,0.4983533306491807,0.8038644867365946,0.2383915960451977,0.4983533306491807,0.8038644867365946,0.2383915960451977,0.4983533306491807,0.9835093906057096,0.7305166901571064,0.2444385593220339,0.4784351795172384,0.0001986228813559,392.1223686617617,0.9022035924598204,0.1217116878531073,0.7508273790782953,0.9022035924598204,0.1217116878531073,0.7508273790782953,0.9022035924598204,0.1217116878531073,0.7508273790782953,57.54546257062147,26075.0,2.8073500566367198,7047.774287853668,0.5005263909118922,0.00250816956442,7.0,78.68700692524223,0.3403077217903046,2.8073500566367198,1029.1705407841011,0.3441820375901673,0.00250816956442,1118.2824027772233,4.5,12.61811270257642,0.1604184803668048,2.8073500566367198,-1.3181374046729744,0.003467033898305,0.00250816956442,2.0,-0.1658145257949275,0.0102130382127949,42.45453742937853,19237.0,0.7891505747800418,0.2705905720338983,0.4058073423490147,1.0,2.0,9.0,45312.0,0.0,0.0,7.0,2.0,11.11111111111111,0.0,0.0,77.77777777777779,22.22222222222222,2.8073500566367198,-1.201042076472015,0.0578683101385945,0.00250816956442,-0.0977390685493736,0.039990768954022,2.8073500566367198,-0.0865740098467982,0.4254178952595339,0.00250816956442,0.1595328979048169,0.1533733911366212,2.8073500566367198,158.52741871982758,0.5,0.00250816956442,9.073261555361205,0.2947563828038936,0.9129948613427772,0.140625,0.7116925828643641,0.9129948613427772,0.140625,0.7116925828643641,0.9129948613427772,0.140625,0.7116925828643641,0.8511751328523538,0.1460760946327683,0.7010577396363374,0.8511751328523538,0.1460760946327683,0.7010577396363374,0.8511751328523538,0.1460760946327683,0.7010577396363374,3.5355339059327378,0.770970492655298,0.2230976341807909,0.5427363472523162
2074,0.187431948981179,0.9273091445992578,0.1483670295489891,0.8167814524247422,0.9273091445992578,0.1483670295489891,0.8167814524247422,0.9273091445992578,0.1483670295489891,0.8167814524247422,2.4833618760456604,0.710936921295261,0.563452566096423,0.2682864469809056,0.0057542768273716,,0.9197259342536088,0.1415241057542768,0.8249582236698434,0.9197259342536088,0.1415241057542768,0.8249582236698434,0.9197259342536088,0.1415241057542768,0.8249582236698434,23.81026438569207,1531.0,,1.277985361665814,-0.0001263297045101,,6.0,0.91949549901627,1.0002882819750798,,-0.15411688047872,-0.0005560885260065,,,6.0,0.0404602338510025,1.0000219953862926,,-0.919828238780768,-0.0008629685847589,,6.0,-0.6740118722728707,0.99963874376075,9.720062208398131,625.0,0.9605992160078024,0.2032659409020217,0.7513714566665727,0.0,6.0,37.0,6430.0,0.0,0.0,36.0,1.0,0.0,0.0,0.0,97.2972972972973,2.702702702702702,,-0.8393811657498382,-0.0007437709953344,,-0.5170961259457099,0.9999476046671038,,-0.4798469406404684,-0.0005980934681181,,-0.0399749828019159,1.0000052923046026,,0.8509747335126359,-0.0003569454121306,,0.6744458273485395,1.0001949690399905,0.962333455035218,0.1534992223950233,0.8100028845003834,0.962333455035218,0.1534992223950233,0.8100028845003834,0.962333455035218,0.1534992223950233,0.8100028845003834,0.8991170554983932,0.1662519440124416,0.7945482122759002,0.8991170554983932,0.1662519440124416,0.7945482122759002,0.8991170554983932,0.1662519440124416,0.7945482122759002,0.0,0.9355091276480466,0.1076205287713841,0.8673837948848537
2079,0.3931972789115646,0.8239493966657213,0.4184782608695652,0.4637307109078737,0.8239493966657213,0.4184782608695652,0.4637307109078737,0.8239493966657213,0.4184782608695652,0.4637307109078737,2.262083620428274,0.7519401667350958,0.5054347826086957,0.3024798610014215,0.0271739130434782,5.9334684401020565,0.8184137151683228,0.3967391304347826,0.4933698570717988,0.8184137151683228,0.3967391304347826,0.4933698570717988,0.8184137151683228,0.3967391304347826,0.4933698570717988,29.076086956521745,214.0,4.23736375576356,734.9416211795777,2054.7393689986247,0.42753276429854,27.0,27.109270846229688,1551.7798185802085,3.462636306052905,62.86596625813314,390.0868288072735,0.381241367214446,8.082530396301912,13.666666666666666,2.551453016115177,172.61081562461396,2.5810641739409617,-1.887802596870339,-2.584239130434784,0.24650313929826,5.0,-0.6970908724266737,0.4931878447628521,14.266304347826086,105.0,0.8520788174118736,0.4510869565217391,0.4274118336262448,0.0,5.0,20.0,736.0,95.0,448.0,14.0,6.0,0.0,12.907608695652172,3.0434782608695654,70.0,30.0,2.908861461974274,-0.4961422376730956,2.882908545727137,0.323312362530555,-0.3960800165047112,0.778502789181291,3.475982113765597,0.4289115082721384,6.249602617058818,0.40765214345173,0.1111947892313087,1.3465996573398586,4.009738246275191,1.3641239688052669,403.0027173913041,0.425964983779695,0.9548948008878528,80.61760056258042,0.7171370640805235,0.5557065217391305,0.2672017371533179,0.7171370640805235,0.5557065217391305,0.2672017371533179,0.7171370640805235,0.5557065217391305,0.2672017371533179,0.7219508813313532,0.4769021739130434,0.3915134670419616,0.7219508813313532,0.4769021739130434,0.3915134670419616,0.7219508813313532,0.4769021739130434,0.3915134670419616,7.659416862050705,0.7018152602695222,0.4660326086956521,0.4022862229967135
3021,0.8865022540440202,0.9288636149692348,0.0251855779427359,0.7759719718017525,0.9288636149692348,0.0251855779427359,0.7759719718017525,0.9288636149692348,0.0251855779427359,0.7759719718017525,0.3323505555321104,0.9322127557089432,0.0344644750795334,0.7420165388043194,0.0079533404029692,64.92919423455584,0.9353675130291904,0.0156415694591728,0.8579268043553759,0.9353675130291904,0.0156415694591728,0.8579268043553759,0.9353675130291904,0.0156415694591728,0.8579268043553759,93.87592788971368,3541.0,1.520689912507409,238.1814623780636,110.46964865662824,0.06006915971583,5.0,13.882652755041702,35.604247607641,0.337555304711285,51.41313506551009,46.43668969641138,0.0051186613271604,64.94601266549154,2.0869565217391304,3.5691918824691085,19.05387758896556,-0.0,4.073471498748956,0.9949997045790252,0.0,1.0,1.232674238507278,0.1954572751132881,6.1240721102863205,231.0,0.921866947220681,0.0742311770943796,0.5196307538926299,21.0,2.0,30.0,3772.0,3772.0,6064.0,7.0,23.0,70.0,100.0,5.358784022622834,23.33333333333333,76.66666666666667,0.0987401719719687,5.982197043232063,1.7588748012696314,0.0005017739084375,1.2589465934783108,0.669439962143292,0.2593748523170293,8.87130380657577,28.41132258295655,0.00129044182719,1.5381528946217138,22.3032143933016,0.4759318019149815,90.94248810329344,108.85692077754308,0.0033491752406775,4.937524038925616,33.71833515687218,0.9591373043787615,0.014050901378579,0.8712870012207119,0.9591373043787615,0.014050901378579,0.8712870012207119,0.9591373043787615,0.014050901378579,0.8712870012207119,0.785261166486192,0.0365853658536585,0.6522624425320754,0.785261166486192,0.0365853658536585,0.6522624425320754,0.785261166486192,0.0365853658536585,0.6522624425320754,0.668311541278118,0.7895585540318668,0.0410922587486744,0.6153785428776684
3022,0.0,0.8608742985409651,0.305050505050505,0.6644444444444445,0.8608742985409651,0.305050505050505,0.6644444444444445,0.8608742985409651,0.305050505050505,0.6644444444444445,3.459431618637298,0.6774680134680136,0.8242424242424242,0.0933333333333333,0.0131313131313131,,0.8730314253647586,0.3202020202020202,0.6477777777777778,0.8730314253647586,0.3202020202020202,0.6477777777777778,0.8730314253647586,0.3202020202020202,0.6477777777777778,9.090909090909092,90.0,3.906890595608518,0.1524368802477145,1.881763636363636,0.0,15.0,0.3570604221210384,1.1752720041815217,2.4518411137950773,-0.3914272150168463,-0.103180404040404,0.0,,9.333333333333334,0.0911152728506252,0.699331810942439,0.9967916319816366,-0.7621395184642852,-3.203740404040404,0.0,2.0,-0.2061520455638214,0.4619268381513197,9.090909090909092,90.0,0.9447710437710438,0.4161616161616162,0.5422222222222222,1.0,11.0,13.0,990.0,0.0,0.0,10.0,3.0,7.6923076923076925,0.0,0.0,76.92307692307693,23.07692307692308,0.9967916319816366,-0.5598569198966739,-0.356185606060606,0.0,-0.0062226049576874,0.5725169123224305,2.4518411137950773,-0.4260993974785194,-0.0378520202020202,0.0,0.0601338531395762,0.6342938790535619,3.906890595608518,-0.2425576154406399,0.5441732323232322,0.0,0.2506229077543954,0.7866928081860705,0.8406290684624018,0.6393939393939394,0.2966666666666666,0.8406290684624018,0.6393939393939394,0.2966666666666666,0.8406290684624018,0.6393939393939394,0.2966666666666666,0.8475173961840627,0.2909090909090909,0.68,0.8475173961840627,0.2909090909090909,0.68,0.8475173961840627,0.2909090909090909,0.68,6.6583281184793925,0.957222222222222,0.0777777777777777,0.9144444444444444
3481,0.3000256541816316,0.9139778848716708,0.1945620110298833,0.7976556066502876,0.9139778848716708,0.1945620110298833,0.7976556066502876,0.9139778848716708,0.1945620110298833,0.7976556066502876,4.700438279876528,0.7284550798857298,0.9239451070924716,0.0390822995865012,0.0792612543285879,,0.9188349245414864,0.1826343465435423,0.8100602384781619,0.9188349245414864,0.1826343465435423,0.8100602384781619,0.9188349245414864,0.1826343465435423,0.8100602384781619,3.8476337052712575,300.0,,136.53558205054384,0.8118613569321528,,26.0,10.771901703245778,0.9401132093590072,,3.605662565275764,0.0647960369580703,,,26.0,0.4420674525513637,0.4140807323633421,,-1.4737498885033402,-0.9855127356675644,,26.0,-2.367036228796073,0.0549258527034047,3.821982813902783,298.0,0.9808943771196216,0.169167628575093,0.824065372368799,0.0,26.0,618.0,7797.0,0.0,0.0,617.0,1.0,0.0,0.0,0.0,99.83818770226536,0.1618122977346278,,-0.7373204127841801,-0.1437013851481339,,-0.5845181836345901,0.3400152292895469,,-0.3301678593674459,0.2022689495959984,,-0.0867434338315473,0.4059640538802008,,0.3687956928645197,0.4174467615749647,,0.505854095594404,0.4943557912221344,0.9534790861116854,0.22624086186995,0.7647093963693292,0.9534790861116854,0.22624086186995,0.7647093963693292,0.9534790861116854,0.22624086186995,0.7647093963693292,0.7985895253272975,0.3873284596639733,0.5971784318994164,0.7985895253272975,0.3873284596639733,0.5971784318994164,0.7985895253272975,0.3873284596639733,0.5971784318994164,0.0,0.9241334170882464,0.1442862639476722,0.8499423377242701
3549,0.9964285714285714,0.9388364704395656,0.0832342449464922,0.8785920221739185,0.9388364704395656,0.0832342449464922,0.8785920221739185,0.9388364704395656,0.0832342449464922,0.8785920221739185,1.787416049226166,0.7487063032184788,0.441141498216409,0.339267714201008,0.084423305588585,,0.9389434559189358,0.0832342449464922,0.8786025372420279,0.9389434559189358,0.0832342449464922,0.8786025372420279,0.9389434559189358,0.0832342449464922,0.8786025372420279,37.69322235434007,317.0,,21.231717234335743,77.36028537455405,,4.0,4.087186736805094,31.071726420905676,,2.359129460351526,10.125242058773567,,,4.0,1.1147021119329887,5.3565260839463535,,-0.7902615862988753,0.4447086801426868,,4.0,-0.0407089206072883,0.8045103166246655,6.539833531510107,55.0,0.9956073167321632,0.0142687277051129,0.9792228968124068,0.0,4.0,71.0,841.0,0.0,0.0,70.0,1.0,0.0,0.0,0.0,98.59154929577466,1.4084507042253522,,0.3616781435065046,3.127229488703934,,0.7038172484296433,2.520372968046287,,1.4141229803280546,5.030915576694409,,1.0322539044597914,3.902639766596527,,2.442383650027078,11.93638525564807,,1.339734579743372,6.2079341685674265,0.94584560250496,0.1058263971462544,0.8456546618688718,0.94584560250496,0.1058263971462544,0.8456546618688718,0.94584560250496,0.1058263971462544,0.8456546618688718,0.8864451921145452,0.1557669441141498,0.7726098137881784,0.8864451921145452,0.1557669441141498,0.7726098137881784,0.8864451921145452,0.1557669441141498,0.7726098137881784,0.0,0.9935472479387648,0.0118906064209274,0.98269899752931
3560,0.993718592964824,0.5338517214607543,0.8055207026348808,0.0319508402041766,0.5338517214607543,0.8055207026348808,0.0319508402041766,0.5338517214607543,0.8055207026348808,0.0319508402041766,2.5802592077826514,0.5419986240585961,0.8042659974905897,0.0402785552996517,0.0062735257214554,61.62421451844615,0.5294740485611763,0.8080301129234629,0.027365460888482,0.5294740485611763,0.8080301129234629,0.027365460888482,0.5294740485611763,0.8080301129234629,0.027365460888482,19.44792973651192,155.0,3.083002700297088,,,0.06165879105093,9.0,,,2.016975283182629,,,0.0418708656645075,47.17132990141042,5.4,,,0.9995900071849526,,,0.00469017722262,2.0,,,15.432873274780428,123.0,0.562494963292207,0.767879548306148,0.0775986293442865,1.0,6.0,5.0,797.0,0.0,0.0,0.0,5.0,20.0,0.0,0.0,0.0,100.0,1.108792761984236,,,0.0147149396447349,,,1.9926542126242377,,,0.05056724719224,,,2.9494788749394134,,,0.0603304101565475,,,0.5338262069030021,0.820577164366374,0.0133786101236783,0.5338262069030021,0.820577164366374,0.0133786101236783,0.5338262069030021,0.820577164366374,0.0133786101236783,0.517510171412348,0.8005018820577164,0.0409652097486637,0.517510171412348,0.8005018820577164,0.0409652097486637,0.517510171412348,0.8005018820577164,0.0409652097486637,2.8809720581775866,0.5215002243317042,0.8055207026348808,0.034568250643874
3573,0.0956442234889069,0.9299296960617288,0.1324571428571428,0.8527729816031412,0.9299296960617288,0.1324571428571428,0.8527729816031412,0.9299296960617288,0.1324571428571428,0.8527729816031412,3.3198370254034137,0.6596630958148316,0.7950428571428572,0.1105291464530232,0.0112142857142857,,0.932729475291536,0.1268,0.8590627479657593,0.932729475291536,0.1268,0.8590627479657593,0.932729475291536,0.1268,0.8590627479657593,11.252857142857142,7877.0,,70000.00000000247,140.01505714285668,,10.0,264.57513110807787,113.88629683929352,,4894.714442707244,33.38596474125363,,,10.0,31.079435593429213,49.25570412611296,,-1.8254292785726656,0.0,,10.0,-0.2354966023099805,0.0,9.018571428571429,6313.0,0.937306319966156,0.3000142857142857,0.6663891986793616,0.0,10.0,785.0,70000.0,0.0,0.0,784.0,1.0,0.0,0.0,0.0,99.87261146496816,0.1273885350318471,,-1.0297320016722729,0.1205821428571454,,0.8744121903751375,4.670545729236738,,16.22683706266253,7.196049999999809,,4.134907396813174,36.765819161632194,,623.0827644398202,69.33461785714294,,23.9395831120118,100.84850801763852,0.9597205371114488,0.1416857142857142,0.8425153284961173,0.9597205371114488,0.1416857142857142,0.8425153284961173,0.9597205371114488,0.1416857142857142,0.8425153284961173,0.8806813200173884,0.2150142857142857,0.7610073553514332,0.8806813200173884,0.2150142857142857,0.7610073553514332,0.8806813200173884,0.2150142857142857,0.7610073553514332,0.0,0.9816188217574184,0.0330714285714285,0.9632397138736942
3902,0.7803706245710363,0.8296260533707867,0.1083676268861454,0.3020372547356171,0.8296260533707867,0.1083676268861454,0.3020372547356171,0.8296260533707867,0.1083676268861454,0.3020372547356171,0.5353247216329435,0.8338066186797752,0.1220850480109739,0.0,0.0260631001371742,,0.7075732970505618,0.1117969821673525,0.4302366282275657,0.7075732970505618,0.1117969821673525,0.4302366282275657,0.7075732970505618,0.1117969821673525,0.4302366282275657,87.79149519890261,1280.0,,771.6332888137742,19505.5195404664,,2.0,25.48385197642493,62600.25506469437,,105.0871480075218,583.4640334779226,,,2.0,6.450282232943059,1837.829066966852,,-1.5109530299949825,0.0706447187928669,,2.0,-0.4639306888169806,0.1198623702704125,12.208504801097392,178.0,0.8191864300122533,0.1687242798353909,0.3008202984888418,1.0,2.0,38.0,1458.0,0.0,0.0,37.0,1.0,2.631578947368421,0.0,0.0,97.36842105263158,2.631578947368421,,9.73606658084686,1.4681069958847743,,2.8161318073942256,2.021356636772319,,48.04994209767429,6.997256515775034,,5.710990952498306,9.48740590701204,,173.8806340260204,19.708847736625515,,9.488261932499196,26.373775044950506,0.8679402212078651,0.1111111111111111,0.3495230121835682,0.8679402212078651,0.1111111111111111,0.3495230121835682,0.8679402212078651,0.1111111111111111,0.3495230121835682,0.6578322507022473,0.1378600823045267,0.32590363939992,0.6578322507022473,0.1378600823045267,0.32590363939992,0.6578322507022473,0.1378600823045267,0.32590363939992,0.0,0.6835147471910112,0.149519890260631,0.3189543604028285
3903,0.8143405889884763,0.4998218104062722,0.1023672424824056,0.0,0.4998218104062722,0.1023672424824056,0.0,0.4998218104062722,0.1023672424824056,0.0,0.4764549714253224,0.706029490377762,0.1023672424824056,0.0,0.0243122200895713,,0.5312032252316464,0.1190019193857965,0.1180528589457334,0.5312032252316464,0.1190019193857965,0.1180528589457334,0.5312032252316464,0.1190019193857965,0.1180528589457334,89.76327575175944,1403.0,,1039.3380068388667,34072.82269353807,,2.0,30.488993517150185,358165.9357273063,,238.95404585980836,1008.1458672684204,,,2.0,10.324325597699104,10334.503124329438,,-1.4822370260657114,0.124555342290467,,2.0,-0.589505300437794,0.1294382771125949,10.236724248240565,160.0,0.6612727006474107,0.4824056301983365,0.0679121901218633,1.0,2.0,38.0,1563.0,0.0,0.0,37.0,1.0,2.631578947368421,0.0,0.0,97.36842105263158,2.631578947368421,,9.984214976465344,1.441858605246321,,2.6324202171107656,2.058382602555485,,144.273194565914,7.637875879718497,,9.77747153876918,15.92828052824081,,407.2738207707061,22.676583493282138,,16.299723810564462,43.85840094500999,0.7485165716322167,0.110044785668586,0.1106567952204211,0.7485165716322167,0.110044785668586,0.1106567952204211,0.7485165716322167,0.110044785668586,0.1106567952204211,0.5901193870277976,0.163787587971849,0.1686135663795144,0.5901193870277976,0.163787587971849,0.1686135663795144,0.5901193870277976,0.163787587971849,0.1686135663795144,0.0,0.6411105666429081,0.1228406909788867,0.2575777067479445
3904,0.9998162440279308,0.6587376073460289,0.1946715663757464,0.1183056026106816,0.6587376073460289,0.1946715663757464,0.1183056026106816,0.6587376073460289,0.1946715663757464,0.1183056026106816,0.7086892115305543,0.662083592817921,0.1934772622875517,0.0,0.0020211299954065,,0.6592732354588299,0.1984382177308222,0.1954453052620453,0.6592732354588299,0.1984382177308222,0.1954453052620453,0.6592732354588299,0.1984382177308222,0.1954453052620453,80.65227377124484,8779.0,,2765.9879679639744,36836.3653431329,,2.0,46.21215121044533,434367.8012552456,,586.619469504969,1902.782368644972,,,2.0,15.836470747949765,21963.75301398026,,3.3600523103582027,0.13533486449242,,2.0,1.9206587292925692,0.1605384477399967,19.347726228755167,2106.0,0.6543475319881906,0.1966008268259072,0.197396734416771,1.0,2.0,22.0,10885.0,5.0,25.0,21.0,1.0,4.545454545454546,0.0459347726228755,0.0104397210506535,95.45454545454544,4.545454545454546,,187.2880459695256,3.7013229214515375,,9.996525984131477,9.062748417574056,,392.2049277598112,14.17723748277455,,13.648072779325632,22.597617346469026,,557.8218633161355,57.24978860294003,,16.647450971037983,125.93284053077517,0.699265043372193,0.1901699586587046,0.1673666266707118,0.699265043372193,0.1901699586587046,0.1673666266707118,0.699265043372193,0.1901699586587046,0.1673666266707118,0.5908402044535213,0.2502526412494258,0.1998661313648317,0.5908402044535213,0.2502526412494258,0.1998661313648317,0.5908402044535213,0.2502526412494258,0.1998661313648317,0.0,0.6196530631837556,0.2447404685346807,0.200207720201286
3913,0.9942418426103646,0.7286003828397702,0.1839080459770115,0.3395366001528849,0.7286003828397702,0.1839080459770115,0.3395366001528849,0.7286003828397702,0.1839080459770115,0.3395366001528849,0.7317786193052257,0.7307397815561311,0.1973180076628352,0.4008291171685203,0.0421455938697318,,0.727902263258642,0.1839080459770115,0.3341305907677589,0.727902263258642,0.1839080459770115,0.3341305907677589,0.727902263258642,0.1839080459770115,0.3341305907677589,79.50191570881226,415.0,,321.2559116074304,18542.991628352487,,2.0,16.788705242312474,113271.21645142234,,130.1084304346329,977.893699142492,,,2.0,8.953093281768092,5875.729587941182,,1.99185469826576,0.1889655172413794,,2.0,1.0464801419245156,0.2756089046934313,20.49808429118774,107.0,0.8144119500884621,0.1704980842911877,0.4092770134526866,1.0,2.0,22.0,522.0,0.0,0.0,21.0,1.0,4.545454545454546,0.0,0.0,95.45454545454544,4.545454545454546,,43.9805869639595,3.048659003831412,,5.476205868149483,6.512591752285926,,139.5503968851246,9.735287356321844,,10.083296475235246,21.942778727265356,,199.21320016550885,47.31743295019163,,12.276348915524732,116.69468060040823,0.777750253349848,0.1590038314176245,0.4073212771196409,0.777750253349848,0.1590038314176245,0.4073212771196409,0.777750253349848,0.1590038314176245,0.4073212771196409,0.6369102578538453,0.1934865900383141,0.3828053662990799,0.6369102578538453,0.1934865900383141,0.3828053662990799,0.6369102578538453,0.1934865900383141,0.3828053662990799,0.0,0.6620200427879742,0.1954022988505747,0.3877325728479107
3917,0.9990512333965844,0.7072599430889553,0.1564722617354196,0.2604340674054145,0.7072599430889553,0.1564722617354196,0.2604340674054145,0.7072599430889553,0.1564722617354196,0.2604340674054145,0.6211733422333798,0.7123747114018215,0.1545756282598387,0.0,0.0104314841156946,,0.7030784952637211,0.1526789947842579,0.2230266695651177,0.7030784952637211,0.1526789947842579,0.2230266695651177,0.7030784952637211,0.1526789947842579,0.2230266695651177,84.54243717401611,1783.0,,103.07904520134112,5242.386239924155,,2.0,8.789034149895826,17444.98121137856,,31.85339193107304,285.0969166158651,,,2.0,4.203178136828403,915.455014376506,,1.2413950208681674,0.086737790422001,,2.0,1.1407658504141105,0.1755065263631646,15.457562825983878,326.0,0.7895503283577173,0.1744902797534376,0.3008403119099438,1.0,2.0,22.0,2109.0,0.0,0.0,21.0,1.0,4.545454545454546,0.0,0.0,95.45454545454544,4.545454545454546,,12.284905644252186,1.7170222854433477,,2.869811695669978,3.2305652323985976,,22.42277670809733,7.631673779042244,,3.737101378557055,7.863645549059788,,36.53033082841476,26.141894262683927,,4.706421340727173,41.92522717121333,0.7649357084117553,0.1441441441441441,0.1849378980689289,0.7649357084117553,0.1441441441441441,0.1849378980689289,0.7649357084117553,0.1441441441441441,0.1849378980689289,0.6404083900780722,0.1763869132290185,0.3113191316041728,0.6404083900780722,0.1763869132290185,0.3113191316041728,0.6404083900780722,0.1763869132290185,0.3113191316041728,0.0,0.7470447488121043,0.1512565196775723,0.3504547881404616
3918,0.9981949458483754,0.7522337158965066,0.0676284941388638,0.1059624004385544,0.7522337158965066,0.0676284941388638,0.1059624004385544,0.7522337158965066,0.0676284941388638,0.1059624004385544,0.3638001053192342,0.7274111547367361,0.0694319206492335,0.0,0.0198376916140667,,0.5655454042081949,0.0730387736699729,0.2123234218671907,0.5655454042081949,0.0730387736699729,0.2123234218671907,0.5655454042081949,0.0730387736699729,0.2123234218671907,93.05680793507663,1032.0,,410.4883867399544,28822.882380522995,,2.0,18.550221072780666,170643.60332778358,,116.04528058633096,1500.9949675812618,,,2.0,8.008505554819505,8678.609588564534,,13.730107138742545,0.1294138863841298,,2.0,2.172210812602952,0.1469519403318078,6.943192064923355,77.0,0.6869372008416716,0.1100090171325518,0.2147442222196429,1.0,2.0,22.0,1109.0,0.0,0.0,21.0,1.0,4.545454545454546,0.0,0.0,95.45454545454544,4.545454545454546,,56.28845420032504,4.008746618575299,,5.650796484562278,7.292111258862489,,90.71651180753848,15.396266907123536,,7.428331461257432,16.54067599865951,,113.15687940288026,58.69765554553661,,8.41665120804005,99.00596250867234,0.6945346320346321,0.0748422001803426,0.0305025120335364,0.6945346320346321,0.0748422001803426,0.0305025120335364,0.6945346320346321,0.0748422001803426,0.0305025120335364,0.6027572233967583,0.0991884580703336,0.2135157438687883,0.6027572233967583,0.0991884580703336,0.2135157438687883,0.6027572233967583,0.0991884580703336,0.2135157438687883,0.0,0.7022299406020337,0.0730387736699729,0.4099630196462237
7592,0.634425994553756,0.8818783209106105,0.14370828385406,0.5636251551185664,0.8818783209106105,0.14370828385406,0.5636251551185664,0.8818783209106105,0.14370828385406,0.5636251551185664,0.7938438393644257,0.7595182625190399,0.2392817656934605,0.0,0.0003071127308464,11.068507517484338,0.8856629671731931,0.1390606445272511,0.5852801575170704,0.8856629671731931,0.1390606445272511,0.5852801575170704,0.8856629671731931,0.1390606445272511,0.5852801575170704,76.07182343065395,37155.0,3.44192266924963,152.69309629815925,189664.13459727284,0.16542318099233,41.0,11.89465899659272,105604.02542315712,1.7809891200338273,30.359637681213712,31819.974765570616,0.0717209468494675,23.832203118732952,11.22222222222222,3.063860808334838,18914.620326608216,0.795215031650176,-0.1842687406237857,10.078088530363212,0.00818704228545,2.0,-0.3165248566609405,2.5709727555918307,23.928176569346054,11687.0,0.8913978617632222,0.1671307481266123,0.4929623256960114,2.0,2.0,15.0,48842.0,3620.0,6465.0,6.0,9.0,13.333333333333334,7.411653904426519,0.8824372466319971,40.0,60.0,0.8343198263526672,0.4232417694342488,31.502211211662093,0.01068033823523,0.099931028736652,9.936326207089904,1.6008102873649352,4.504453651154136,63.96234797919819,0.0623734340938,0.9982360975676194,208.3575310294492,2.736773252802121,53.18403354052852,48225.334368985714,0.14076964990508,6.4010213924528,31990.020649029368,0.8784273311027897,0.1534744686949756,0.5465099669497687,0.8784273311027897,0.1534744686949756,0.5465099669497687,0.8784273311027897,0.1534744686949756,0.5465099669497687,0.7538927205350257,0.1894476065681176,0.4732340127438301,0.7538927205350257,0.1894476065681176,0.4732340127438301,0.7538927205350257,0.1894476065681176,0.4732340127438301,12.152960316089429,0.7147496645704182,0.2063797551287826,0.4309676913874722
9946,0.625,0.8721592410549125,0.0896309314586994,0.8012438100586974,0.989788686638896,0.0492091388400703,0.8941381280814363,0.9492032662121452,0.0492091388400703,0.8945445399065384,0.95263512240186,0.8721592410549125,0.0896309314586994,0.8012438100586974,0.0544815465729349,,0.9415596427250146,0.0720562390158172,0.8436320738908661,0.9415596427250146,0.0720562390158172,0.8436320738908661,0.9362745098039216,0.0685413005272407,0.8518357781442584,62.74165202108964,357.0,,49.20907650724138,880.5831282952547,,2.0,5.447186284898407,569.3569926699494,,7.814734825110261,61.89071233954305,,,2.0,1.740406628520751,34.904718603211656,,-0.5355351225188612,0.0037949033391915,,2.0,0.4154259962824675,0.0026460715239778,37.258347978910365,212.0,0.9797278811381966,0.0720562390158172,0.8451371786276162,1.0,2.0,31.0,569.0,0.0,0.0,30.0,1.0,3.225806451612903,0.0,0.0,96.7741935483871,3.225806451612903,,0.9651825547526208,0.0593279938488576,,0.9785827119630316,0.0180229953430898,,3.022590146044739,0.217713453427065,,1.4175537695584106,0.072726074660982,,5.985908976234704,17.024304481546572,,1.9754487571153525,4.434087221242544,0.8700584007187779,0.0949033391915641,0.7901774129665797,0.9630437080492574,0.070298769771529,0.8519077611784914,0.9651709740499974,0.0527240773286467,0.8870120070427198,0.8897785529306063,0.0984182776801406,0.7815409507877525,0.9583333333333336,0.101933216168717,0.7802913293566254,0.956305163574864,0.0650263620386643,0.8588874813161476,0.0,0.9512248295544632,0.0439367311072056,0.9052064799450896
9952,0.5918933925596891,0.8550177462963318,0.1815321983715766,0.5579430305860378,0.8550177462963318,0.1815321983715766,0.5579430305860378,0.8550177462963318,0.1815321983715766,0.5579430305860378,0.8731822577241406,0.7404866739285669,0.2474093264248704,0.4488154160690855,0.0011102886750555,,0.8678687005272036,0.1689489267209474,0.5893493980716988,0.8678687005272036,0.1689489267209474,0.5893493980716988,0.8678687005272036,0.1689489267209474,0.5893493980716988,70.65136935603256,3818.0,,1.7651174033134938,6.106587712385138e-09,,2.0,1.482393052784835,1.0000000160707985,,0.3397489886095688,-1.2287194680574282e-08,,,2.0,0.7794652586095029,1.000000004616722,,-0.8572834809909309,-6.698741675291565e-08,,2.0,0.2094948505005711,0.9999999984765442,29.348630643967432,1586.0,0.8173487304115306,0.2403774981495188,0.4633846460559611,1.0,2.0,6.0,5404.0,0.0,0.0,5.0,1.0,16.666666666666664,0.0,0.0,83.33333333333334,16.666666666666664,,-0.6590595801379302,-3.821243527730011e-08,,0.3428833817010221,0.9999999997309184,,-0.3066496518690336,3.3308660617082094e-09,,0.4842310006900062,1.000000003087631,,1.6617568775963694,5.829015545010302e-09,,1.363664264477732,1.000000010267071,0.8756328290298097,0.1659881569207994,0.5893753379948957,0.8756328290298097,0.1659881569207994,0.5893753379948957,0.8756328290298097,0.1659881569207994,0.5893753379948957,0.8065602505421655,0.1556254626202812,0.6203230053600308,0.8065602505421655,0.1556254626202812,0.6203230053600308,0.8065602505421655,0.1556254626202812,0.6203230053600308,0.0,0.8367145868412517,0.1267579570688378,0.6877227093332758
9957,0.9971537001897534,0.8231763675234284,0.1848341232227488,0.5752212937554587,0.8231763675234284,0.1848341232227488,0.5752212937554587,0.8231763675234284,0.1848341232227488,0.5752212937554587,0.9223486063040568,0.7579969780263941,0.2909952606635071,0.4228120104857407,0.0398104265402843,,0.83374322868946,0.1696682464454976,0.6128170483924871,0.83374322868946,0.1696682464454976,0.6128170483924871,0.83374322868946,0.1696682464454976,0.6128170483924871,66.25592417061611,699.0,,812.724026378075,37.05563981042654,,2.0,26.8459832401498,11.895889198588367,,44.71323748559371,2.6835215743844643,,,2.0,3.7986392200533,1.59439601555547,,-0.2218803903887902,-0.1971289099526065,,2.0,-1.7621976606259555,0.0301429565119202,33.74407582938389,356.0,0.8904384451904659,0.2426540284360189,0.5172211616150783,1.0,2.0,42.0,1055.0,0.0,0.0,41.0,1.0,2.380952380952381,0.0,0.0,97.61904761904762,2.380952380952381,,3.3827125097328232,0.1018957345971567,,1.4117810033993186,0.2410708260238043,,11.774168018977946,1.131106161137441,,2.6154182195603197,0.8313081690630236,,46.88794675069531,2.6133805687203795,,5.71301396137191,2.030064187689424,0.8412017167381973,0.1867298578199052,0.5583532196748343,0.8412017167381973,0.1867298578199052,0.5583532196748343,0.8412017167381973,0.1867298578199052,0.5583532196748343,0.7736352895790134,0.2113744075829383,0.536546928403282,0.7736352895790134,0.2113744075829383,0.536546928403282,0.7736352895790134,0.2113744075829383,0.536546928403282,0.0,0.8175342785038016,0.1772511848341232,0.6087206592556598
9960,0.927589367552704,0.9918903688485482,0.0122800586510263,0.9814756050433104,0.9918903688485482,0.0122800586510263,0.9814756050433104,0.9918903688485482,0.0122800586510263,0.9814756050433104,1.714632742265977,0.7815892099040225,0.3011363636363636,0.4995382951512169,0.0045821114369501,,0.9958751358011338,0.0087976539589442,0.9867161146745522,0.9958751358011338,0.0087976539589442,0.9867161146745522,0.9958751358011338,0.0087976539589442,0.9867161146745522,40.41422287390029,2205.0,,14.349591863774762,3.3511130865102645,,4.0,3.8301415530945007,1.715434632486698,,2.368822458469765,2.0457923463465297,,,4.0,1.522257637806473,1.2512399704111532,,-1.6045954541834069,0.910273093841642,,4.0,0.0175639484450318,0.802801137115973,6.011730205278592,328.0,0.7851146087594565,0.4741568914956012,0.3588799529207546,0.0,4.0,25.0,5456.0,0.0,0.0,24.0,1.0,0.0,0.0,0.0,96.0,4.0,,-0.96764411879064,1.2694878115835777,,0.7235806675034439,1.1190402725446185,,-0.0770167167088624,2.1581315065982407,,1.1760736714534508,1.287011259552107,,5.982887394313815,2.734725394061584,,2.5364207592298973,1.40088287461987,0.9970299294602992,0.0098973607038123,0.9850543933156274,0.9970299294602992,0.0098973607038123,0.9850543933156274,0.9970299294602992,0.0098973607038123,0.9850543933156274,0.9820594724584032,0.0251099706744868,0.9621173077579006,0.9820594724584032,0.0251099706744868,0.9621173077579006,0.9820594724584032,0.0251099706744868,0.9621173077579006,0.0,0.89644742724015,0.1358137829912023,0.7948927540031695
9964,0.925251256281407,0.8480407833063144,0.3044569993722536,0.6616553207049751,0.8480407833063144,0.3044569993722536,0.6616553207049751,0.8480407833063144,0.3044569993722536,0.6616553207049751,3.32181948968678,0.6837711578871418,0.8041431261770244,0.1061906009178852,0.1613308223477715,,0.8566598635492203,0.2774639045825486,0.6916684182869154,0.8566598635492203,0.2774639045825486,0.6916684182869154,0.8566598635492203,0.2774639045825486,0.6916684182869154,10.16949152542373,162.0,,19.61550943202227,0.6465787821720023,,10.0,4.646599171369229,0.5000622975823789,,-0.9633611989432368,0.3286252354048964,,,10.0,0.8093820477591855,0.4553505374478153,,-2.0009955944217177,0.0408035153797865,,10.0,-0.6138373506227716,0.1978968747933161,9.73006905210295,155.0,0.9851965663305576,0.1456371625863151,0.8381851035686968,0.0,10.0,257.0,1593.0,0.0,0.0,256.0,1.0,0.0,0.0,0.0,99.61089494163424,0.3891050583657587,,-1.7865540726248506,0.2587884494664155,,0.4481484384122261,0.4381065847772749,,-1.441320216941117,0.3248587570621469,,0.7486578591262748,0.4684689957287422,,-0.7853918227148153,0.3907721280602637,,1.1025394278531615,0.4872175903115843,0.8844064986604512,0.3358443188951663,0.6267660900205568,0.8844064986604512,0.3358443188951663,0.6267660900205568,0.8844064986604512,0.3358443188951663,0.6267660900205568,0.8040428166342236,0.3527934714375392,0.6079674135989195,0.8040428166342236,0.3527934714375392,0.6079674135989195,0.8040428166342236,0.3527934714375392,0.6079674135989195,0.0,0.94161844057333,0.1148775894538606,0.8723386645436416
9971,0.6134020618556701,0.6042722247812068,0.3259005145797599,0.1477919679950761,0.6042722247812068,0.3259005145797599,0.1477919679950761,0.6042722247812068,0.3259005145797599,0.1477919679950761,0.8640904272487622,0.6296637494242284,0.2864493996569468,0.0,0.0188679245283018,181.12929170935587,0.6639077614002764,0.2898799313893653,0.141683581465446,0.6639077614002764,0.2898799313893653,0.141683581465446,0.6639077614002764,0.2898799313893653,0.141683581465446,71.35506003430532,416.0,0.8009231574877496,150.9198836440821,290.5763293310462,0.00477057255121,2.0,10.54617721691246,288.9185290517341,0.8009231574877496,30.04207633619092,60.14487102267959,0.00477057255121,166.88826684641967,2.0,3.2908126195510525,82.43157657369557,0.8009231574877496,-0.5600656409430136,0.9470639039451116,0.00477057255121,2.0,-0.2856721864357383,0.3184919594586743,28.64493996569468,167.0,0.7150087195315136,0.4356775300171526,0.2414531446895265,2.0,2.0,11.0,583.0,0.0,0.0,9.0,2.0,18.181818181818183,0.0,0.0,81.81818181818183,18.181818181818183,0.8009231574877496,-0.0774331107894261,2.313979416809606,0.00477057255121,-0.0365350206285891,0.9404851449937466,0.8009231574877496,11.352528764019535,6.483190394511149,0.00477057255121,3.212402862087732,6.209521726180145,0.8009231574877496,43.87162058267676,95.31217838764996,0.00477057255121,5.728332961583485,212.7791726067732,0.6079715568862275,0.3036020583190394,0.034000168503038,0.6079715568862275,0.3036020583190394,0.034000168503038,0.6079715568862275,0.3036020583190394,0.034000168503038,0.5996372639336711,0.3156089193825043,0.2051570835803201,0.5996372639336711,0.3156089193825043,0.2051570835803201,0.5996372639336711,0.3156089193825043,0.2051570835803201,0.0,0.5985720865960387,0.3687821612349914,0.1734204678092625
9976,0.510580992689496,0.7580103550295858,0.2923076923076923,0.4153846153846154,0.7580103550295858,0.2923076923076923,0.4153846153846154,0.7580103550295858,0.2923076923076923,0.4153846153846154,1.0,0.6177597633136095,0.3846153846153846,0.2307692307692308,0.1926923076923077,,0.6231816568047337,0.3811538461538462,0.2376923076923076,0.6231816568047337,0.3811538461538462,0.2376923076923076,0.6231816568047337,0.3811538461538462,0.2376923076923076,50.0,1300.0,,0.5734776935095001,517.7488461538462,,2.0,0.1717535020741288,133.64132156388845,,0.0833314934244117,488.06103384615386,,,2.0,0.0329497436898529,24.75203966754696,,-0.9638894528844496,475.7761538461538,,2.0,-0.1191488199631622,0.5957395278041628,50.0,1300.0,0.6307242603550296,0.4096153846153846,0.1807692307692308,1.0,2.0,501.0,2600.0,0.0,0.0,500.0,1.0,0.1996007984031935,0.0,0.0,99.8003992015968,0.1996007984031935,,0.0258133014969474,480.0515384615385,,-0.0028560986952541,11.6646922771091,,0.0961622099188157,485.0065384615385,,0.0332661091271795,23.36274467507584,,0.180660527588656,494.3944230769231,,0.0711606651848397,35.6207158558933,0.7239408284023668,0.3034615384615384,0.3930769230769231,0.7239408284023668,0.3034615384615384,0.3930769230769231,0.7239408284023668,0.3034615384615384,0.3930769230769231,0.5111538461538462,0.4888461538461538,0.0223076923076923,0.5111538461538462,0.4888461538461538,0.0223076923076923,0.5111538461538462,0.4888461538461538,0.0223076923076923,0.0,0.5426923076923077,0.4573076923076923,0.0853846153846153
9977,0.948322887650882,0.968636770333832,0.0578848106774989,0.8575950374790288,0.968636770333832,0.0578848106774989,0.8575950374790288,0.968636770333832,0.0578848106774989,0.8575950374790288,0.8629999927875766,0.8367482155028956,0.1473088640649934,0.6512605890732787,0.003452778180763,15.433382768601568,0.9465943360013134,0.0508341796024952,0.8752346230894502,0.9465943360013134,0.0508341796024952,0.8752346230894502,0.9465943360013134,0.0508341796024952,0.8752346230894502,71.43769041056144,24621.0,1.3684010617449387,4303.667763112215,0.9997583802118092,0.26071664300521,3.0,1.960270765633748,0.4243820046715209,0.8436001792728078,306.44111775886785,0.793446450379068,0.0559177469856644,14.086447948074158,2.9,-6.856689216231444,0.1782232111343216,0.1998556133657157,-1.8414569295670808,0.3961681075874099,0.00070562141346,2.0,-65.61537184944294,0.0152338502685606,28.562309589438563,9844.0,0.9049229436282792,0.1649499492238502,0.5807524985587811,3.0,2.0,119.0,34465.0,0.0,0.0,89.0,30.0,2.5210084033613445,0.0,0.0,74.78991596638656,25.210084033613445,0.4286572966410164,0.9541178003586388,0.6643064992165901,0.0140682485819,-4.389057157328727,0.1086060773646021,0.9490127634484512,9.352204078698088,0.8096890143914115,0.03711930224461,-2.50411710865708,0.180800060227093,1.1435482253182636,27.39189390135551,0.92601374536486,0.08081940797388,-0.8289415958475714,0.2340242351415639,0.9745841594905464,0.052662120992311,0.8705624480207013,0.9745841594905464,0.052662120992311,0.8705624480207013,0.9745841594905464,0.052662120992311,0.8705624480207013,0.9273790728393276,0.0603800957493108,0.8524138497217182,0.9273790728393276,0.0603800957493108,0.8524138497217182,0.9273790728393276,0.0603800957493108,0.8524138497217182,0.3051285766293646,0.9394679270285272,0.0520818221384012,0.8725266430348593
9978,0.915515199368338,0.7327664279696714,0.0631412786108918,0.0,0.8579034669356066,0.2490134175217048,0.2064815301898047,0.6374526116259478,0.0840568271507498,0.2747177437777316,0.3397904253160801,0.7327664279696714,0.0631412786108918,0.0,0.0288082083662194,,0.5,0.0631412786108918,0.0,0.5,0.0631412786108918,0.0,0.5,0.0631412786108918,0.0,93.6858721389108,2374.0,,77.65898710476209,10164.198441985003,,2.0,7.37646091154844,77.4101100876053,,1.4930547521290494,296.494606499841,,,2.0,0.085956014814213,7.570160866371553,,-0.9765331961089504,-10.511409688239937,,2.0,-1.3083589753871372,0.2428578939629018,6.314127861089188,160.0,0.8217510278493866,0.3038674033149171,0.1647517516763353,1.0,2.0,73.0,2534.0,0.0,0.0,72.0,1.0,1.36986301369863,0.0,0.0,98.63013698630137,1.36986301369863,,-0.260168431307105,1.8374475797158645,,-0.6536046299943934,1.1660936206969923,,0.2058839276126998,4.815862994080504,,0.0471494119269262,6.228337109415218,,1.0593317075159523,20.78420038506314,,0.5116487297426875,7.043592907600336,0.5,0.0631412786108918,0.0,0.5,0.0631412786108918,0.0,0.5,0.0631412786108918,0.0,0.6752435235888795,0.0631412786108918,0.0,0.7445108466722831,0.0631412786108918,0.0,0.7811354780960404,0.063930544593528,0.0091432212717478,0.0,0.6566870261162595,0.0797158642462509,0.3142139025396703
9981,0.0,0.9610865162037038,0.1935185185185185,0.7822916666666667,0.9610865162037038,0.1935185185185185,0.7822916666666667,0.9610865162037038,0.1935185185185185,0.7822916666666667,3.169925001442312,0.6548924575617284,0.8111111111111111,0.0875,0.7935185185185185,,0.9595216049382717,0.137037037037037,0.8458333333333333,0.9595216049382717,0.137037037037037,0.8458333333333333,0.9595216049382717,0.137037037037037,0.8458333333333333,11.11111111111111,120.0,,1080.000000000071,0.4370370370370371,,9.0,32.8633534503123,0.6177168929917766,,636.4605777891991,0.0082132658359293,,,9.0,23.162381936883797,0.0657078200444213,,-1.259416833981707,0.0009259259259259,,9.0,0.6326488459305618,0.0304290309725087,11.11111111111111,120.0,0.9858796296296296,0.0833333333333333,0.90625,0.0,9.0,857.0,1080.0,0.0,0.0,856.0,1.0,0.0,0.0,0.0,99.8833138856476,0.116686114352392,,211.99036707099788,0.0009259259259259,,14.614985291676152,0.0304290309725089,,537.4925736865786,0.0018518518518518,,23.20554284633016,0.0430132024508216,,1080.0000000000284,0.0046296296296296,,32.863353450311216,0.0743627027071235,0.9466849922839506,0.2296296296296296,0.7416666666666667,0.9466849922839506,0.2296296296296296,0.7416666666666667,0.9466849922839506,0.2296296296296296,0.7416666666666667,0.8760416666666667,0.2203703703703703,0.7520833333333333,0.8760416666666667,0.2203703703703703,0.7520833333333333,0.8760416666666667,0.2203703703703703,0.7520833333333333,0.0,0.905916763117284,0.1888888888888888,0.7875
9985,0.3678273663560569,0.7090827191037619,0.4851258581235698,0.346242749551416,0.7090827191037619,0.4851258581235698,0.346242749551416,0.7090827191037619,0.4851258581235698,0.346242749551416,2.300007058067345,0.5958041430205936,0.582543314808761,0.0,0.0084995096436744,,0.7129106639983,0.465675057208238,0.375395542857667,0.7129106639983,0.465675057208238,0.375395542857667,0.7129106639983,0.465675057208238,0.375395542857667,41.745668519123896,2554.0,,2944.6525317078385,0.0529546237332462,,6.0,53.78484491555884,1.5063662920278478,,228.1908672595734,-0.0005510331198841,,,6.0,7.440976027873651,0.991643851918798,,-0.971971602375862,-0.0409105670153628,,6.0,-1.875764427110436,0.8394622129143448,7.943772474664923,486.0,0.620496665896741,0.8345864661654135,0.0547397774634963,0.0,6.0,52.0,6118.0,0.0,0.0,51.0,1.0,0.0,0.0,0.0,98.07692307692308,1.9230769230769231,,1.3326773975344213,-0.0081597994442654,,1.3330441633458074,0.972785674515244,,15.286501444565165,-0.0024692322654467,,3.1426279908840025,0.99719270235299,,137.49118065052153,0.0028459009480225,,10.454373740045988,1.0036680416341404,0.7474597786162569,0.5052304674730304,0.3022006426588284,0.7474597786162569,0.5052304674730304,0.3022006426588284,0.7474597786162569,0.5052304674730304,0.3022006426588284,0.6943273232081051,0.4870872834259562,0.3568830760926545,0.6943273232081051,0.4870872834259562,0.3568830760926545,0.6943273232081051,0.4870872834259562,0.3568830760926545,0.0,0.716082344973639,0.4635501797973194,0.3867635866819356
10093,0.99927060539752,0.8344961490469428,0.1931486880466472,0.6220644978877691,0.9528828363667656,0.1246355685131195,0.7466787022320504,0.9382578202314874,0.0612244897959183,0.8763125584909549,0.991128125746746,0.8344961490469428,0.1931486880466472,0.6220644978877691,0.0036443148688046,,0.9854814767006584,0.021137026239067,0.9571796328821848,0.9854814767006584,0.021137026239067,0.9571796328821848,0.9854814767006584,0.021137026239067,0.9571796328821848,55.539358600583085,762.0,,1.2704759156366023,1.9223531209912543,,2.0,1.0885685435217796,5.86904674358038,,0.1447946914411922,0.6405147434402338,,,2.0,-0.1192914188861707,3.7807131392201496,,-0.7515813814324717,-1.1916565211370262,,2.0,-1.022243043654092,2.101013136739067,44.46064139941692,610.0,0.9396067294866832,0.1588921282798834,0.6763618735987396,1.0,2.0,5.0,1372.0,0.0,0.0,4.0,1.0,20.0,0.0,0.0,80.0,20.0,,-0.6729889170841984,-0.785308576530612,,-0.8652081513981438,2.2864504991155923,,0.0301421157803192,0.9156811869533534,,-0.2717455877061852,3.576396338280576,,1.077230875627456,1.79117161989796,,0.7790794824458168,5.47929258026428,0.8344961490469428,0.1931486880466472,0.6220644978877691,0.9101996471752506,0.1144314868804664,0.7692363729859445,0.9400972419431176,0.0743440233236151,0.8515038072681896,0.8148164881029215,0.2244897959183673,0.5620538416256953,0.9330450496966568,0.0991253644314868,0.8005251139599922,0.9764080719418268,0.0663265306122449,0.8674539679304253,0.0,0.9986876640419948,0.0014577259475218,0.9970492846881102
10101,0.7309236947791165,0.635053222945003,0.2419786096256684,0.020630787037037,0.635053222945003,0.2419786096256684,0.020630787037037,0.635053222945003,0.2419786096256684,0.020630787037037,0.7916446298452329,0.6777646363098758,0.2379679144385026,0.0,0.0066844919786096,,0.6960230632761679,0.2245989304812834,0.3260393873085339,0.6960230632761679,0.2245989304812834,0.3260393873085339,0.6960230632761679,0.2245989304812834,0.3260393873085339,76.20320855614973,570.0,,15.876151978542005,1378.6764705882335,,2.0,3.2112654741848643,1459.826780772504,,10.224505250350347,356.99498663101565,,,2.0,2.263111192925173,374.5345494748768,,-0.2456311794024257,5.514705882352952,,2.0,0.7494502906271294,5.8393071230900295,23.796791443850267,178.0,0.6667800118273212,0.2446524064171123,0.1496620614253055,1.0,2.0,5.0,748.0,0.0,0.0,4.0,1.0,20.0,0.0,0.0,80.0,20.0,,2.1636136713782106,6.512700534759367,,1.0322036011463176,6.403329251142325,,12.633750101130904,21.89438502673798,,2.545864503444349,16.23605500195668,,15.876151978541929,1042.5778743315495,,3.2112654741848523,1100.9642641715316,0.7011186674551547,0.2379679144385026,0.1749045659610333,0.7011186674551547,0.2379679144385026,0.1749045659610333,0.7011186674551547,0.2379679144385026,0.1749045659610333,0.5678050463236743,0.2874331550802139,0.135673746667813,0.5678050463236743,0.2874331550802139,0.135673746667813,0.5678050463236743,0.2874331550802139,0.135673746667813,0.0,0.6044253893159865,0.2860962566844919,0.1486618729523889
14965,0.8430878124308782,0.8105539399863388,0.0992899957974829,0.4264059731708128,0.8105539399863388,0.0992899957974829,0.4264059731708128,0.8105539399863388,0.0992899957974829,0.4264059731708128,0.5206312212538164,0.7045483801183152,0.1169848045829554,0.0,0.0003760146866912,34.9542587684117,0.8353375464269146,0.0982504257813364,0.4791607137907323,0.8353375464269146,0.0982504257813364,0.4791607137907323,0.8353375464269146,0.0982504257813364,0.4791607137907323,88.30151954170445,39922.0,3.0553529819894245,4506.860660183506,1362.2720576850834,0.04241125452275,12.0,41.8464544726404,3044.765829168598,1.421499421542609,673.0300915847718,245.8171083522661,0.0148946434454022,94.4369553560147,4.6,8.806191925400729,489.5378696495152,0.1302122119717191,-1.0598973728281538,0.5803233726304275,0.00042448835011,2.0,0.0930790140210778,2.303441044931419,11.698480458295547,5289.0,0.859062753739849,0.1217402844440512,0.4313532734996685,4.0,2.0,17.0,45211.0,0.0,0.0,7.0,10.0,23.52941176470588,0.0,0.0,41.17647058823529,58.82352941176471,0.7859331318222267,0.3195703759107302,2.7638406582469046,0.0033899011701099,0.6848179257252203,3.098020883280205,1.1775253842799875,18.15391526902061,40.19782796221632,0.01192288929849,3.144318099423396,10.618762040975437,2.2761413337981047,140.75154662504147,258.16307978146995,0.02739533862674,8.360308326165555,257.5278122651707,0.8799414790965657,0.1023865873349406,0.4389412916641209,0.8799414790965657,0.1023865873349406,0.4389412916641209,0.8799414790965657,0.1023865873349406,0.4389412916641209,0.6859941690607518,0.1330428435557718,0.35215404064906,0.6859941690607518,0.1330428435557718,0.35215404064906,0.6859941690607518,0.1330428435557718,0.35215404064906,3.9777157040470126,0.6363436044775874,0.1312733626772245,0.3030372783243323
14969,0.960595623987034,0.6867923923069903,0.5044059556365846,0.3402560047489989,0.6867923923069903,0.5044059556365846,0.3402560047489989,0.6867923923069903,0.5044059556365846,0.3402560047489989,2.193423736133549,0.6551030443934954,0.5509976704142611,0.2239263594472496,0.0033424491036159,,0.6897543845093375,0.507950977413147,0.3382527621007807,0.6897543845093375,0.507950977413147,0.3382527621007807,0.6897543845093375,0.507950977413147,0.3382527621007807,29.87946925959688,2950.0,,193.89795794737927,0.0111163965977919,,5.0,7.171537944883619,0.0133512149028176,,47.822308711805,0.0013097793076762,,,5.0,0.9535035837473848,0.0053401254163502,,7.60172743206796,-1.472255140281598e-05,,5.0,-1.8838558879721448,0.0009539442477959,10.108376380026336,998.0,0.7183986344061585,0.5825990073939026,0.2296884582352338,0.0,5.0,33.0,9873.0,0.0,0.0,32.0,1.0,0.0,0.0,0.0,96.96969696969695,3.0303030303030303,,10.692874878818031,-7.294024106148108e-07,,-0.529067434746491,0.0016894363730024,,32.23273656863213,1.231754431277217e-05,,0.2510938167743828,0.0043446380701508,,52.88939311045483,0.0009602516251392,,2.3728794681232115,0.0087912621326335,0.7543775851885981,0.5001519295047098,0.3326131729958107,0.7543775851885981,0.5001519295047098,0.3326131729958107,0.7543775851885981,0.5001519295047098,0.3326131729958107,0.6569630107205775,0.5306391167831459,0.3086887280022349,0.6569630107205775,0.5306391167831459,0.3086887280022349,0.6569630107205775,0.5306391167831459,0.3086887280022349,0.0,0.7369189873516249,0.4029170464904284,0.4730412175166446
14970,0.9612546125461254,0.9682595475295168,0.0727255073308088,0.9125203320075214,0.9682595475295168,0.0727255073308088,0.9125203320075214,0.9682595475295168,0.0727255073308088,0.9125203320075214,2.575922876294277,0.7973312056354189,0.644334401398194,0.2152126208444672,0.0545684046994853,,0.9642337528505572,0.0699096999708709,0.9159032915070736,0.9642337528505572,0.0699096999708709,0.9159032915070736,0.9642337528505572,0.0699096999708709,0.9159032915070736,18.87561899213516,1944.0,,373.4292822820647,0.8302754956791922,,6.0,14.029483769964823,0.7494800592617996,,13.662956850925584,-0.508620217585114,,,6.0,1.6370975866256592,0.2792315145321125,,-1.84735338612056,-0.9845489552383728,,6.0,-3.490402092260489,0.0371281643501101,13.651810855422855,1406.0,0.9584285762566732,0.2513836294785901,0.6984037726427255,0.0,6.0,562.0,10299.0,0.0,0.0,561.0,1.0,0.0,0.0,0.0,99.8220640569395,0.1779359430604982,,-0.269332639174376,-0.8685016383143995,,0.1545266468859105,0.1888926653502636,,0.5868977420794415,-0.660284334498495,,0.8690285490639719,0.263116399438933,,8.90467898653428,-0.103367870909797,,2.415984753564313,0.3572807368500376,0.9873116120261966,0.0795222837168657,0.904363613695478,0.9873116120261966,0.0795222837168657,0.904363613695478,0.9873116120261966,0.0795222837168657,0.904363613695478,0.9110238047800038,0.1479755316050102,0.8220355956111729,0.9110238047800038,0.1479755316050102,0.8220355956111729,0.9110238047800038,0.1479755316050102,0.8220355956111729,0.0,0.9748721519915736,0.0422371103990678,0.9491895793104512
